date,bci
2015-01-01,-0.4
2015-02-01,-0.2
2015-03-01,0.2
2015-04-01,0.2
2015-05-01,0.4
2015-06-01,0.4
2015-07-01,0.0
2015-08-01,-0.6
2015-09-01,-0.4
2015-10-01,-0.4
2015-11-01,-0.8
2015-12-01,-0.6
2016-01-01,-1.2
2016-02-01,-2.0
2016-03-01,0.4
2016-04-01,0.2
2016-05-01,0.2
2016-06-01,0.0
2016-07-01,-0.2
2016-08-01,0.8
2016-09-01,0.8
2016-10-01,2.4
2016-11-01,3.4
2016-12-01,2.8
2017-01-01,2.6
2017-02-01,3.2
2017-03-01,3.6
2017-04-01,2.4
2017-05-01,2.4
2017-06-01,3.4
2017-07-01,2.8
2017-08-01,3.4
2017-09-01,4.8
2017-10-01,3.2
2017-11-01,3.6
2017-12-01,3.2
2018-01-01,2.6
2018-02-01,0.6
2018-03-01,3.0
2018-04-01,2.8
2018-05-01,3.8
2018-06-01,3.0
2018-07-01,2.4
2018-08-01,2.6
2018-09-01,1.6
2018-10-01,0.4
2018-11-01,0.0
2018-12-01,-1.2
2019-01-01,-1.0
2019-02-01,-1.6
2019-03-01,1.0
2019-04-01,0.2
2019-05-01,-1.2
2019-06-01,-1.2
2019-07-01,-0.6
2019-08-01,-1.0
2019-09-01,-0.4
2019-10-01,-1.4
2019-11-01,0.4
2019-12-01,0.4
2020-01-01,0.0
2020-02-01,-28.6
2020-03-01,4.0
2020-04-01,1.6
2020-05-01,1.2
2020-06-01,1.8
2020-07-01,2.2
2020-08-01,2.0
2020-09-01,3.0
2020-10-01,2.8
2020-11-01,4.2
2020-12-01,3.8
2021-01-01,2.6
2021-02-01,1.2
2021-03-01,3.8
2021-04-01,2.2
2021-05-01,2.0
2021-06-01,1.8
2021-07-01,0.8
2021-08-01,0.2
2021-09-01,-0.8
2021-10-01,-1.6
2021-11-01,0.2
2021-12-01,0.6
2022-01-01,0.2
2022-02-01,0.4
2022-03-01,-1.0
2022-04-01,-5.2
2022-05-01,-0.8
2022-06-01,0.4
2022-07-01,-2.0
2022-08-01,-1.2
2022-09-01,0.2
2022-10-01,-1.6
2022-11-01,-4.0
2022-12-01,-6.0
2023-01-01,0.2
2023-02-01,5.2
2023-03-01,3.8
2023-04-01,-1.6
2023-05-01,-2.4
2023-06-01,-2.0
2023-07-01,-1.4
2023-08-01,-0.6
2023-09-01,0.4
2023-10-01,-1.0
2023-11-01,-1.2
2023-12-01,-2.0
2024-01-01,-1.6
2024-02-01,-1.8
2024-03-01,1.6
2024-04-01,0.8
2024-05-01,-1.0
2024-06-01,-1.0
2024-07-01,-1.2
2024-08-01,-1.8
2024-09-01,-0.4
2024-10-01,0.2
2024-11-01,0.6
2024-12-01,0.2
